challenge_id,tipo
1659119076091,CVZA M1
1659407457134,CVZA M1
1659407590000,CVZA M1
1659408003402,CVZA M1
1659408292041,CVZA M1
1659539392730,CVZA M1
1659700927529,CVZA M1
1659107497388,CVZA M1
1659109337511,CVZA M1
1659114359813,CVZA M1
1659101779730,CVZA M1
1659106671435,CVZA M1
1659106050109,CVZA M1
1659108230949,CVZA M1
1659115811260,CVZA M1
1659106411788,CVZA M1
1659106963422,NABS
1659108840418,NABS
1659540357230,NABS
1659102764481,NABS
1659112519175,NABS
1659159760491,NABS
1659101445710,NABS
1659115863165,NABS
1659108485175,NABS
1659117812241,NABS
1659110213628,NABS
1659110614011,NABS
1659107808357,NABS
1659119478677,NABS
1659558155117,NABS
1659124904589,NABS
1659115103868,NABS
1659120543179,NABS
1659120878943,NABS
1659122673497,ABOVE CORE
1659127628932,ABOVE CORE
1659124277745,ABOVE CORE
1659126290889,ABOVE CORE
1659474596507,ABOVE CORE
1659127156982,ABOVE CORE
1659124710449,ABOVE CORE
1659128225546,ABOVE CORE
1659130151196,ABOVE CORE
1659121415406,ABOVE CORE
1659120966273,ABOVE CORE
1659474314045,ABOVE CORE
1659535215584,ABOVE CORE
1659119876427,ABOVE CORE
1659536688788,ABOVE CORE
1659120544990,ABOVE CORE
1659410354097,ABOVE CORE
1659121875857,ABOVE CORE
1659536272711,ABOVE CORE
1659559898888,ABOVE CORE
1659559742628,ABOVE CORE
1659463322879,AD HOC
1659128792792,AD HOC
1659126308940,AD HOC
1659126690433,AD HOC
1659470734024,AD HOC
1659129840083,AD HOC
1659470469968,AD HOC
1659470226207,AD HOC
1659127019853,AD HOC
1659552823221,AD HOC
1659473112049,AD HOC
1659473246003,AD HOC
1659127880096,AD HOC
1659467948925,AD HOC
1659469407582,AD HOC
1659469174319,AD HOC
1659469941413,AD HOC
1659122382625,MUNDIAL
1659467361034,MKT PLACE
1659032845094,CVZA M1
1659033309189,CVZA M1
1659033981048,CVZA M1
1659034564492,CVZA M1
1659034912736,CVZA M1
1659035197677,CVZA M1
1659029231335,CVZA M1
1659035602036,CVZA M1
1659033708952,CVZA M1
1659032262400,CVZA M1
1659040918516,CVZA M1
1659119646630,CVZA M1
1659030824135,NABS
1659034145388,NABS
1659037847323,NABS
1659039978382,NABS
1659035812247,NABS
1659038982086,NABS
1659033286905,NABS
1659038660156,NABS
1659039243347,NABS
1659034921947,NABS
1659039697064,NABS
1659037281110,NABS
1659159010914,NABS
1659537056553,ABOVE CORE
1659460084127,ABOVE CORE
1659135340886,ABOVE CORE
1659135760892,ABOVE CORE
1659136259708,ABOVE CORE
1659132949691,ABOVE CORE
1659133035286,ABOVE CORE
1659031481621,ABOVE CORE
1659136358367,ABOVE CORE
1659136108336,ABOVE CORE
1659135579654,ABOVE CORE
1659135437695,ABOVE CORE
1659135971650,ABOVE CORE
1659040024521,AD HOC
1659037636273,AD HOC
1659039810108,AD HOC
1659038977373,AD HOC
1659038053864,AD HOC
1659039296786,AD HOC
1659040589083,AD HOC
1659028566574,MKT PLACE
1659445359496,MKT PLACE
1659043431905,MERCH
1659037175652,MUNDIAL
1659362928408,CVZA M1
1659364286311,CVZA M1
1661980474701,AD HOC
1661975742051,AD HOC
1661967808740,NABS
1661970772032,CVZA M1
1661976036471,AD HOC
1661971062224,CVZA M1
1661970295924,NABS
1661888478418,ABOVE CORE
1661885046166,AD HOC
1661887932901,ABOVE CORE
1661884889741,AD HOC
1661883916921,AD HOC
1661886114015,ABOVE CORE
1661890638089,ABOVE CORE
1661886008657,NABS
1661887007623,ABOVE CORE
1661883447775,AD HOC
1661886575378,ABOVE CORE
1661892746695,NABS
1661891895697,NABS
1661892154016,CVZA M1
1661882442941,AD HOC
1661878511105,CVZA M1
1661882794466,AD HOC
1661892585335,NABS
1661862897455,CVZA M1
1661878962221,CVZA M1
1661878734025,CVZA M1
1661879115772,CVZA M1
1661874283191,CVZA M1
1661861481599,CVZA M1
1661873949574,CVZA M1
1661874068924,CVZA M1
1661865546621,CVZA M1
1661953869707,ABOVE CORE
1661951212777,NABS
1661962757303,NABS
1661952094547,ABOVE CORE
1661954355044,ABOVE CORE
1661948829337,ABOVE CORE
1661957211845,ABOVE CORE
1661951194958,ABOVE CORE
1661953856679,NABS
1661957448536,ABOVE CORE
1661965383580,NABS
1661889821605,ABOVE CORE
1661804439110,MKT PLACE
1661803499418,MKT PLACE
1661804134341,MKT PLACE
1661805291245,MKT PLACE
1661802996874,MKT PLACE
1661874404941,CVZA M1
1661968900920,NABS
1661950641662,ABOVE CORE
1661953281350,NABS
1661947555484,ABOVE CORE
1661869311557,CVZA M1
1661875475549,CVZA M1
1661865706788,CVZA M1
1662038903917,CVZA M1
1661801614470,AD HOC
1661799400881,ABOVE CORE
1661798490469,ABOVE CORE
1661803987141,AD HOC
1661802635009,AD HOC
1661799714220,ABOVE CORE
1661800073882,ABOVE CORE
1661802086128,AD HOC
1661801777151,ABOVE CORE
1661801236277,ABOVE CORE
1661863466775,CVZA M1
1661965131013,NABS
1661803052517,AD HOC
1661798472684,NABS
1661794161298,CVZA M1
1661799620485,NABS
1661796116152,CVZA M1
1661795836689,CVZA M1
1661795359949,CVZA M1
1661795493121,CVZA M1
1661795617488,CVZA M1
1661794578570,CVZA M1
1661795892420,CVZA M1
1661793674424,CVZA M1
1661795031782,CVZA M1
1661797831074,NABS
1661800862438,NABS
1661799079756,ABOVE CORE
1661794352448,CVZA M1
1661797957878,ABOVE CORE
1661796387486,CVZA M1
1661793237973,CVZA M1
1661794609595,CVZA M1
1661800284670,NABS
1661794821698,CVZA M1
1661794777605,CVZA M1
1661798190130,ABOVE CORE
1661792264978,CVZA M1
1661792124115,CVZA M1
1661792814733,CVZA M1
1661865252530,CVZA M1
1661867110834,CVZA M1
1661860966529,ABOVE CORE
1661793939392,CVZA M1
1661793478849,CVZA M1
1661860606861,ABOVE CORE
1661877175341,CVZA M1
1661877324737,CVZA M1
1661959491678,NABS
1661800443303,NABS
1661800656478,NABS
1661797146986,NABS
1661799369013,NABS
1661891671045,NABS
1661871599692,CVZA M1
1661886626819,NABS
1661799109639,NABS
1661794136325,CVZA M1
1661956762190,ABOVE CORE
1661873540089,CVZA M1
1661885840672,ABOVE CORE
1661890099408,ABOVE CORE
1661884379951,AD HOC
1661951897118,ABOVE CORE
1662035209692,NABS
1661869203953,AD HOC
1661865428592,CVZA M1
1661794294555,CVZA M1
1661970027561,NABS
1661885118765,BUD MUNDIAL
1661885288965,AD HOC
1661967062241,MKT PLACE
1661797153151,CVZA M1
1661791126192,BUD MUNDIAL
1661878245883,CVZA M1
1661793844885,CVZA M1
1661962123442,NABS
1661887354924,CVZA M1
1661966914659,NABS
1661969467405,NABS
1661866559995,CVZA M1
1661861203513,CVZA M1
1661869105047,CVZA M1
1661949401778,NABS
1661805244979,MKT PLACE
1661959774511,NABS
1661891410848,ABOVE CORE
1661801009152,ABOVE CORE
1661793186107,CVZA M1
1661882472283,MKT PLACE
1661868883768,AD HOC
1661793645405,CVZA M1
1661949912354,AD HOC
1661884889958,BUD MUNDIAL
1661803387496,AD HOC
1661800311995,ABOVE CORE
1661801076084,NABS
1661796732984,CVZA M1
1661804398038,BUD MUNDIAL
1661959114581,NABS
1661954612199,NABS
1661883278812,CVZA M1
1661798847066,NABS
1662566047940,BUD MUNDIAL
1662557250098,BUD MUNDIAL
1664461827945,CVZA M1
1664457989911,CVZA M1
1664470444914,CVZA M1
1664455123248,CVZA M1
1664456142651,CVZA M1
1664453319710,CVZA M1
1664455535886,CVZA M1
1664454278453,CVZA M1
1664463914262,CVZA M1
1664458883117,CVZA M1
1664453023325,CVZA M1
1664454876235,CVZA M1
1664454521042,CVZA M1
1664472083313,CVZA M1
1664475360479,CVZA M1
1664464282108,CVZA M1
1664473069877,CVZA M1
1664458507303,CVZA M1
1664462787349,CVZA M1
1664472516068,CVZA M1
1664456114101,CVZA M1
1664473921169,CVZA M1
1664454075038,CVZA M1
1664462496697,CVZA M1
1664456394810,CVZA M1
1664546558609,NABS
1664480831431,NABS
1664477404145,NABS
1664482911525,NABS
1664556714189,NABS
1664478502132,NABS
1664474354024,NABS
1664552251500,NABS
1664478240940,NABS
1664475928632,NABS
1664473819248,NABS
1664476371351,NABS
1664480236867,NABS
1664477652126,NABS
1664560405647,NABS
1664557900518,NABS
1664479242265,NABS
1664550368268,NABS
1664558967605,NABS
1664914376285,NABS
1664473514485,NABS
1664553002899,ABOVE CORE 
1664898980997,ABOVE CORE 
1664557008478,ABOVE CORE 
1664480238712,ABOVE CORE 
1664893749971,ABOVE CORE 
1664544745031,ABOVE CORE 
1664901128596,ABOVE CORE 
1664902173884,ABOVE CORE 
1664894466474,ABOVE CORE 
1664565845230,ABOVE CORE 
1664541353618,ABOVE CORE 
1664541927941,ABOVE CORE 
1664566607389,ABOVE CORE 
1664566422256,ABOVE CORE 
1664542485580,ABOVE CORE 
1664564805360,ABOVE CORE 
1664560389757,ABOVE CORE 
1664554832306,ABOVE CORE 
1665492923230,ABOVE CORE 
1665493164329,ABOVE CORE 
1665493377129,ABOVE CORE 
1664901691004,ABOVE CORE 
1664903934198,ABOVE CORE 
1664904360593,ABOVE CORE 
1664900978078,ABOVE CORE 
1664556250186,ABOVE CORE 
1664565219793,ABOVE CORE 
1664571911337,AD HOC
1664569963709,AD HOC
1664575414820,AD HOC
1664569723218,AD HOC
1664568026207,AD HOC
1664568399432,AD HOC
1664574589561,AD HOC
1664574389982,AD HOC
1664572464088,AD HOC
1664568956013,AD HOC
1664575015048,AD HOC
1664575234824,AD HOC
1664574181608,AD HOC
1664569315869,AD HOC
1664567781700,AD HOC
1664567463742,AD HOC
1664568226723,AD HOC
1664569507691,AD HOC
1664573803072,AD HOC
1664568578866,AD HOC
1664573051321,AD HOC
1664566789082,MKT PLACE
1664567147309,MKT PLACE
1665491821188,ADYACENCIAS
1665491209254,ADYACENCIAS
1664976649363,BUD MUNDIAL
1664977202596,BUD MUNDIAL
1664978918081,BUD MUNDIAL
1664978381910,BUD MUNDIAL
1664816302919,CVZA M1
1664814917105,CVZA M1
1665489904500,CVZA M1
1664811930232,CVZA M1
1664815801687,CVZA M1
1664815203537,CVZA M1
1664815372426,CVZA M1
1664810957050,CVZA M1
1664810720616,CVZA M1
1664816706580,CVZA M1
1664816472360,CVZA M1
1665490017589,CVZA M1
1664811859516,CVZA M1
1664817644703,CVZA M1
1664818142630,CVZA M1
1664816937695,CVZA M1
1664811183875,CVZA M1
1664810943536,CVZA M1
1664820871055,NABS
1664821246826,NABS
1664818904964,NABS
1664819357403,NABS
1664821024703,NABS
1664821644128,NABS
1664818430247,NABS
1664819118098,NABS
1664819481600,NABS
1664819921038,NABS
1664819594618,NABS
1664822615895,ABOVE CORE 
1664820832311,ABOVE CORE 
1664822083871,ABOVE CORE 
1664820280985,ABOVE CORE 
1664819148050,ABOVE CORE 
1664819391639,ABOVE CORE 
1664822248840,ABOVE CORE 
1664821130193,ABOVE CORE 
1664822432193,ABOVE CORE 
1664820652016,ABOVE CORE 
1664821362675,ABOVE CORE 
1664822044117,AD HOC
1664822593538,AD HOC
1664823427959,AD HOC
1664822321604,AD HOC
1664886926559,AD HOC
1664823588982,AD HOC
1664822730536,AD HOC
1664823274514,AD HOC
1664822947473,AD HOC
1664822185920,AD HOC
1664822448460,AD HOC
1665490495700,AD HOC
1664824415202,AD HOC
1664825611248,MKT PLACE
1664824855784,MKT PLACE
1664826189989,MKT PLACE
1664823951013,MKT PLACE
1664825212408,MKT PLACE
1664825016728,MKT PLACE
1664824487369,MKT PLACE
1664824250831,MKT PLACE
1664824637950,MKT PLACE
1664825378537,MKT PLACE
1664825824328,BUD MUNDIAL
1664826374256,BUD MUNDIAL
1664826717221,BUD MUNDIAL
1664826860238,BUD MUNDIAL
1664829813571,ADYACENCIAS
1664830049767,ADYACENCIAS
1664827946046,ADYACENCIAS
1665490755434,ADYACENCIAS
1665577514292,NABS
1665521196833,MKT PLACE
1665578420060,ABOVE CORE 
1665581232981,CANCELADO
1664984482988,CANCELADO
1664901504212,CANCELADO
1664798790414,CANCELADO
1664818606596,CANCELADO
1664815549640,CANCELADO
1664386655845,CANCELADO
1664388842074,CANCELADO
1664386202174,CANCELADO
1664384555875,CANCELADO
1664384815249,CANCELADO
1664561419880,CANCELADO
1664388230349,CANCELADO
1664382062882,CANCELADO
1664381485938,CANCELADO
1664385158464,CANCELADO
1664386617877,CANCELADO
1664388817875,CANCELADO
1664390022455,CANCELADO
1664396710417,CANCELADO
1664391714069,CANCELADO
1664387689125,CANCELADO
1664569603293,CANCELADO
1664395530556,CANCELADO
1664569338215,CANCELADO
1664387147947,CANCELADO
1664382642556,CANCELADO
1664561887432,CANCELADO
1664562174729,CANCELADO
1664381724121,CANCELADO
1664383488245,CANCELADO
1664386928258,CANCELADO
1664390402799,CANCELADO
1664564136149,CANCELADO
1664564406429,CANCELADO
1664379218509,CANCELADO
1664379905747,CANCELADO
1664382612073,CANCELADO
1664390212148,CANCELADO
1664391446794,CANCELADO
1664396190026,CANCELADO
1664391177915,CANCELADO
1664385999316,CANCELADO
1664386385216,CANCELADO
1664388035955,CANCELADO
1664389735106,CANCELADO
1664563023766,CANCELADO
1664563823740,CANCELADO
1664388504575,CANCELADO
1664570177055,CANCELADO
1664380384147,CANCELADO
1664380954877,CANCELADO
1664379723644,CANCELADO
1664380412617,CANCELADO
1664383349826,CANCELADO
1664569800780,CANCELADO
1664382103278,CANCELADO
1664383042479,CANCELADO
1664387829255,CANCELADO
1664395245926,CANCELADO
1664390890282,CANCELADO
1663944926963,CANCELADO
1665589274266,NABS
1664481315599,NABS
1667912385009,MKT PLACE
1667401302656,MKT PLACE
1667396191510,CVZA M1
1667402852536,CVZA M1
1667397584480,CVZA M1
1667397984952,CVZA M1
1667393132084,CVZA M1
1667398325938,CVZA M1
1667396689203,CVZA M1
1667394615579,CVZA M1
1667400031953,MKT PLACE
1667393561583,CVZA M1
1667393380627,CVZA M1
1667397174444,CVZA M1
1667399494301,CVZA M1
1667324834729,MKT PLACE
1667326753989,MKT PLACE
1667333160847,MKT PLACE
1667334243645,ADYACENCIAS
1667335660952,ADYACENCIAS
1667329551175,AD HOC
1667323398839,MKT PLACE
1667329205311,AD HOC
1667329380286,AD HOC
1667326497167,MKT PLACE
1667333417040,AD HOC
1667244969764,BUD MUNDIAL
1666902761314,NABS
1666901965339,NABS
1666895014715,NABS
1666898470143,CVZA M1
1666893712084,NABS
1666892806735,NABS
1666897481258,CVZA M1
1666891820523,CVZA M1
1666892288988,CVZA M1
1666901555445,NABS
1666881529726,ADYACENCIAS
1666877774954,AD HOC
1666878041257,AD HOC
1666878202134,AD HOC
1666874572933,CANCELADO
1666879025534,AD HOC
1666873705199,ABOVE CORE
1666880568723,ADYACENCIAS
1666878390912,AD HOC
1666873165013,ABOVE CORE
1666874255306,ABOVE CORE
1666873485536,ABOVE CORE
1666874827595,ABOVE CORE
1666882053250,ADYACENCIAS
1666881056204,ADYACENCIAS
1666892959894,NABS
1666902914829,NABS
1666894366232,CVZA M1
1666899022381,NABS
1666893975345,CVZA M1
1666804810248,NABS
1666816378487,NABS
1666810913836,NABS
1666812331068,NABS
1666805381481,NABS
1666809672322,NABS
1666815466685,NABS
1666815973756,NABS
1666806292320,NABS
1666813993247,NABS
1666810059362,NABS
1666815610239,NABS
1666813106167,NABS
1666814348263,NABS
1666810538161,NABS
1666815104278,NABS
1666810838436,NABS
1666807424933,NABS
1666807047416,NABS
1666814824372,NABS
1666798542993,CVZA M1
1666795001429,CVZA M1
1666786172650,CVZA M1
1666799866356,CVZA M1
1666789861316,CVZA M1
1666793658268,CVZA M1
1666794256724,CVZA M1
1666797611015,CVZA M1
1666795561812,CVZA M1
1666811799697,NABS
1666806792139,NABS
1666970069112,CANCELADO
1666972574396,CANCELADO
1666888399577,CANCELADO
1666878554571,CANCELADO
1666790006173,CVZA M1
1666799500704,CVZA M1
1666798744948,CVZA M1
1666792360236,CVZA M1
1666982945491,NABS
1666982769538,NABS
1666981220603,NABS
1666982606366,NABS
1666980669415,CVZA M1
1666983135454,CVZA M1
1666982271576,NABS
1666980884500,CVZA M1
1666982008920,NABS
1666981405311,NABS
1666983264412,CVZA M1
1666983256805,NABS
1666982397863,NABS
1666980524413,CVZA M1
1666981731932,NABS
1666980397206,CVZA M1
1666983065874,NABS
1666980177984,CVZA M1
1666983730728,NABS
1666979511776,NABS
1666988588176,AD HOC
1666981047409,NABS
1666986400493,AD HOC
1666987641941,AD HOC
1666987321381,AD HOC
1666987904223,AD HOC
1666979860680,NABS
1666986655636,AD HOC
1666980909956,NABS
1666984341793,AD HOC
1667324112630,MKT PLACE
1667334037709,MKT PLACE
1667332658162,AD HOC
1666985685728,AD HOC
1666985328600,AD HOC
1666988066207,AD HOC
1666986930987,AD HOC
1666980386883,NABS
1666984003284,AD HOC
1666988409047,AD HOC
1666980211603,NABS
1666988846356,AD HOC
1666962861189,NABS
1666959918242,NABS
1666960317167,NABS
1666980575584,NABS
1666980717844,NABS
1667225395446,AD HOC
1667309293750,CANCELADO
1667309646205,CANCELADO
1667321520003,MKT PLACE
1667309569854,CANCELADO
1667311033924,ABOVE CORE
1667313128390,ABOVE CORE
1667308904370,ABOVE CORE
1667322707653,MKT PLACE
1667245354267,AD HOC
1666896350499,CANCELADO
1666895884838,CANCELADO
1666894487626,CANCELADO
1666896658747,CANCELADO
1666896942448,CANCELADO
1666982003641,CANCELADO
1666986474930,ABOVE CORE
1666981472641,CANCELADO
1666982789737,CANCELADO
1666981085402,CANCELADO
1666980983429,CANCELADO
1666982736886,CANCELADO
1666986569016,ABOVE CORE
1666982918679,CANCELADO
1666988037569,ABOVE CORE
1666983678812,CANCELADO
1666987530724,ABOVE CORE
1666981569734,CANCELADO
1666979566388,CANCELADO
1666979487663,CANCELADO
1666959333256,CANCELADO
1666979038484,CANCELADO
1666979752417,CANCELADO
1666986319757,ABOVE CORE
1666984676388,ABOVE CORE
1666984888255,ABOVE CORE
1666979297835,NABS
1666987174430,CANCELADO
1666981696303,CANCELADO
1667312788164,ABOVE CORE
1667319782933,CANCELADO
1667335231426,ADYACENCIAS
1667330516406,AD HOC
1667332483537,AD HOC
1667336761209,ADYACENCIAS
1667330660433,ABOVE CORE
1667324576011,CANCELADO
1666877210881,AD HOC
1667335432104,ADYACENCIAS
1666894485187,NABS
1666893506136,NABS
1666896640683,NABS
1666900203695,NABS
1666898652585,NABS
1667405434178,CVZA M1
1667401400735,CVZA M1
1666895600222,NABS
1666895388563,NABS
1666978859063,NABS
1667332046891,ABOVE CORE
1667332265848,AD HOC
1666965214742,NABS
1666898993037,CVZA M1 
1666879687939,BUD MUNDIAL
1666814632811,NABS
1667323729898,MKT PLACE
1667223416369,MKT PLACE
1667246029255,AD HOC
1667321226184,MKT PLACE
1666986748543,ABOVE CORE
1667325115228,MKT PLACE
1667245170047,QUILMES MUNDIAL
1666882319491,ADYACENCIAS
1666879488681,BUD MUNDIAL
1666810357389,NABS
1666799137764,CVZA M1
1666791468193,CVZA M1
1666977593904,BUD MUNDIAL
1666984587364,AD HOC
1667322772863,QUILMES MUNDIAL
1666967686919,NABS
1666967373422,NABS
1666961496944,NABS
1667316339554,MKT PLACE
1667334498863,ADYACENCIAS
1667324399604,MKT PLACE
1667328976786,ABOVE CORE
1667333603845,AD HOC
1667333603294,MKT PLACE
1667330314848,AD HOC
1667331185657,ABOVE CORE
1666898234152,NABS
1666897404594,NABS
1666902496147,NABS
1666902264482,NABS
1666900950065,NABS
1666873964882,ABOVE CORE
1666887758988,ADYACENCIAS
1666887956962,ADYACENCIAS
1666876382330,ABOVE CORE
1666875036087,ABOVE CORE
1666887198173,ADYACENCIAS
1666882854937,ADYACENCIAS
1667332766011,ABOVE CORE
1667329705727,ABOVE CORE
1667404057031,CVZA M1
1667400386768,CVZA M1
1666981863373,CVZA M1
1667328651579,ABOVE CORE
1667310175339,ABOVE CORE
1666895422598,CVZA M1
1666897843110,NABS
1666875887987,ABOVE CORE
1667395353189,CVZA M1
1667334501915,CANCELADO
1666963732866,NABS
1667333214106,AD HOC
1667332044250,AD HOC
1667333060185,AD HOC
1667329949759,AD HOC
1667330791779,AD HOC
1667333372015,MKT PLACE
1667334272954,MKT PLACE
1667326977774,MKT PLACE
1667333823802,MKT PLACE
1667392775031,CVZA M1
1667392182450,CVZA M1
1667335904651,ADYACENCIAS
1667331021491,AD HOC
1667825812290,AD HOC
1669985792551,NABS
1669829040370,NABS
1669829150905,NABS
1669744477878,AD HOC
1669729663470,NABS
1669726135980,CVZA M1
1669734861098,NABS
1669739407573,NABS
1669733164795,NABS
1669731823972,NABS
1669735864251,NABS
1669732826623,NABS
1669739822141,NABS
1669735574996,NABS
1669740177975,NABS
1669739601815,NABS
1669739996004,NABS
1669726494126,CVZA M1
1669731399067,NABS
1669663946403,NABS
1669653929300,CVZA M1
1669656630762,NABS
1669655423267,NABS
1669659892468,CVZA M1
1669663805955,NABS
1669656212695,NABS
1669400090095,NABS
1669404384847,NABS
1669403334797,NABS
1669404612357,NABS
1669402229334,NABS
1669399851178,NABS
1669401239388,NABS
1669398493328,NABS
1669811781465,ADYACENCIAS
1669822401756,NABS
1669808764584,MKT PLACE
1669815859401,ADYACENCIAS
1669812094058,MKT PLACE
1669816043710,ADYACENCIAS
1669811426733,CANCELADO
1669809249265,MKT PLACE
1669808513278,MKT PLACE
1669813359093,ADYACENCIAS
1669814581629,CANCELADO
1669813642955,CANCELADO
1669822118607,NABS
1669822265508,NABS
1669807838731,CANCELADO
1669808343098,MKT PLACE
1669809640474,MKT PLACE
1669807542713,MKT PLACE
1669811365361,MKT PLACE
1669809888094,MKT PLACE
1669812321639,ADYACENCIAS
1669809498316,MKT PLACE
1669811160467,MKT PLACE
1669812711734,MKT PLACE
1669814693383,ADYACENCIAS
1669812287791,MKT PLACE
1669814170806,ADYACENCIAS
1669812873411,MKT PLACE
1669807080337,MKT PLACE
1669810756133,MKT PLACE
1669817455036,ADYACENCIAS
1669807364809,MKT PLACE
1669727545191,NABS
1669410712107,CVZA M1
1669408940622,CVZA M1
1669401779867,CVZA M1
1669408264204,CVZA M1
1669410763636,CVZA M1
1669409252215,CVZA M1
1669832252286,BUDWEISER
1669666372869,MKT PLACE
1669729125728,NABS
1669729384701,NABS
1669659973260,NABS
1669726000133,NABS
1669666907810,CANCELADO
1669399692332,CVZA M1
1669401232079,CVZA M1
1669403161516,CVZA M1
1669400884922,NABS
1669398828883,NABS
1669311656793,MKT PLACE
1669311064954,MKT PLACE
1669320770285,AD HOC
1669311493315,MKT PLACE
1669320606163,AD HOC
1669310653040,MKT PLACE
1669310832626,MKT PLACE
1669310213944,MKT PLACE
1669312756008,MKT PLACE
1669313098465,MKT PLACE
1669312488284,MKT PLACE
1669636623949,NABS
1669647926461,CVZA M1
1669638351753,NABS
1669642437309,NABS
1669641847589,NABS
1669647797803,CVZA M1
1669637320963,NABS
1669637825228,NABS
1669648572821,NABS
1669642935447,NABS
1669648192228,NABS
1669644585677,CVZA M1
1669639209992,NABS
1669638602662,NABS
1669654026350,NABS
1669643181179,NABS
1669652156223,NABS
1669651676161,NABS
1669639048005,NABS
1669636135193,NABS
1669639775845,NABS
1669640635931,NABS
1669655228631,NABS
1669751425639,MKT PLACE
1669755074218,FRESQUITA
1669752951561,BLANCHE
1669752867230,AD HOC
1669753358159,AD HOC
1669750856060,MKT PLACE
1669755286352,FRESQUITA
1669751202025,MKT PLACE
1669750543376,MKT PLACE
1669730925400,AD HOC
1669738794620,AD HOC
1669727221627,CANCELADO
1669727703006,AD HOC
1669736203190,AD HOC
1669736801299,AD HOC
1669735588280,AD HOC
1669729276212,AD HOC
1669737912378,AD HOC
1669736394724,AD HOC
1669735818798,AD HOC
1669735170948,AD HOC
1669736538380,NABS
1669739139893,AD HOC
1669409274696,CVZA M1
1669650137980,CVZA M1
1669638251939,CVZA M1
1669644373284,CVZA M1
1669638220354,CVZA M1
1669641508554,CVZA M1
1669650114859,CVZA M1
1669643691872,NABS
1669668418005,NABS
1669320758763,AD HOC
1669641310322,NABS
1669642182645,NABS
1669668879568,NABS
1669641531292,CVZA M1
1669292965664,AD HOC
1669309034856,MKT PLACE
1669307352633,ADYACENCIAS
1669293380171,AD HOC
1669292866136,AD HOC
1669308075464,ADYACENCIAS
1669307610096,ADYACENCIAS
1669294256748,ADYACENCIAS
1669308884896,MKT PLACE
1669307794807,ADYACENCIAS
1669299188904,CVZA M1
1669293202241,CVZA M1
1669308759532,MKT PLACE
1669292378802,AD HOC
1669292669976,AD HOC
1669309682594,MKT PLACE
1669293595747,AD HOC
1669290871696,NABS
1669291022487,NABS
1669309948724,MKT PLACE
1669291909249,NABS
1669291207247,NABS
1669291598141,CVZA M1
1669293773566,AD HOC
1669291303876,NABS
1669300518148,CVZA M1
1669291808356,NABS
1669309225394,MKT PLACE
1669308423573,ADYACENCIAS
1669644881889,NABS
1669314779450,BLANCHE
1669315329632,BLANCHE
1669646956421,NABS
1669647605761,NABS
1669315904571,FRESQUITA
1669307119635,CANCELADO
1669312265215,MKT PLACE
1669306961245,CANCELADO
1669659454033,CVZA M1
1669292161754,CVZA M1
1669315748379,FRESQUITA
1669316185578,FRESQUITA
1669309418902,MKT PLACE
1669300369408,CVZA M1
1669298867304,CVZA M1
1669291457532,CVZA M1
1669292864404,CVZA M1
1669301710102,CVZA M1
1669293087294,CVZA M1
1669292742243,CVZA M1
1669301502046,CVZA M1
1669234177743,NABS
1669234306009,NABS
1669659918267,CVZA M1
1669662907973,NABS
1669655772827,NABS
1669233236871,CVZA M1
1669665996622,NABS
1669662813564,NABS
1669290966823,CVZA M1
1669291881789,CVZA M1
1669291129669,CVZA M1
1669233091828,NABS
1669233825998,NABS
1669234523137,NABS
1669234632501,NABS
1669234940161,NABS
1669234823799,NABS
1669233201820,NABS
1669233917696,NABS
1669233401219,NABS
1669233529494,NABS
1669667514934,NABS
1669233071980,CVZA M1
1669659710462,CVZA M1
1669661668401,NABS
1669665491487,NABS
1670011897686,FRESQUITA
1670014935368,FRESQUITA
1670011563282,FRESQUITA
1672076560213,AD HOC
1672078849305,AD HOC
1672080775469,AD HOC
1672257523364,CANCELADO
1672075964767,AD HOC
1672075488506,AD HOC
1672078345942,AD HOC
1672080462030,AD HOC
1672078182633,AD HOC
1672334114009,AD HOC
1672077840566,AD HOC
1672145693809,AD HOC
1672145344314,AD HOC
1672083760326,AD HOC
1672161573113,AD HOC
1672087598643,AD HOC
1672084258488,AD HOC
1672085311830,AD HOC
1672085441309,AD HOC
1672085938871,AD HOC
1672144549771,AD HOC
1672086938511,AD HOC
1672144852842,AD HOC
1672086654907,AD HOC
1672087112068,AD HOC
1672084492054,AD HOC
1672143707884,AD HOC
1672144176792,AD HOC
1672143536146,AD HOC
1672144036901,AD HOC
1672082648365,BLANCHE
1672083416790,BLANCHE
1672083049922,BLANCHE
1672084804192,FRESQUITA
1672084124833,FRESQUITA
1672082272766,FRESQUITA
1672155626949,BLANCHE
1672149689024,BLANCHE
1672146264384,FRESQUITA
1672156206765,FRESQUITA
1672155118027,BLANCHE
1672086631467,MKT PLACE
1672146386405,MKT PLACE
1672146160551,MKT PLACE
1672145412006,MKT PLACE
1672145088474,MKT PLACE
1672145744777,MKT PLACE
1672087720760,MKT PLACE
1672087486654,MKT PLACE
1672144488883,MKT PLACE
1672151126649,MKT PLACE
1672153186525,MKT PLACE
1672153797658,MKT PLACE
1672154092733,MKT PLACE
1672151414903,MKT PLACE
1672151651319,MKT PLACE
1672155584222,MKT PLACE
1672152520127,MKT PLACE
1672154616137,MKT PLACE
1672161935356,MKT PLACE
1672158632545,MKT PLACE
1672328657037,CANCELADO
1672328840477,VOLUMEN CVZA
1672329594672,VOLUMEN CVZA
1672330971963,VOLUMEN CVZA
1672328407010,VOLUMEN CVZA
1672330301871,VOLUMEN CVZA
1672340917337,VOLUMEN NABS
1672404578327,VOLUMEN NABS
1672340766066,VOLUMEN NABS
1672404962247,VOLUMEN NABS
1672341126294,VOLUMEN NABS
1672405557223,VOLUMEN NABS
1672341196638,VOLUMEN NABS
1672405960795,VOLUMEN NABS
1672341753982,VOLUMEN NABS
1672406173024,VOLUMEN NABS
1672341969611,VOLUMEN NABS
1672341804444,VOLUMEN NABS
1672408282128,VOLUMEN NABS
1672402897188,VOLUMEN NABS
1672403218159,VOLUMEN NABS
1672342342443,VOLUMEN NABS
1672407301111,VOLUMEN NABS
1672403949785,VOLUMEN NABS
1672404266157,VOLUMEN NABS
1672343035904,VOLUMEN NABS
1672407678092,VOLUMEN NABS
1672329093808,CANCELADO
1672085383642,CANCELADO
1672076876078,CANCELADO
1672683135936,AD HOC
1672754726758,AD HOC
1672750632429,VOLUMEN CVZA
1672327189595,CANCELADO
1672327793843,CANCELADO
1672328050556,CANCELADO
1672329201970,CANCELADO
1672775969106,VOLUMEN CVZA
1672776798004,VOLUMEN CVZA
1672777729991,VOLUMEN CVZA
1672780854142,VOLUMEN CVZA
1672777340928,VOLUMEN CVZA
1672777644510,VOLUMEN CVZA
1672779571077,VOLUMEN CVZA
1672777856264,VOLUMEN CVZA
1672864566066,VOLUMEN NABS
1672864208622,VOLUMEN NABS
1672923173464,VOLUMEN NABS
1672942954990,VOLUMEN NABS
1672922911577,VOLUMEN CVZA
1672941070719,VOLUMEN NABS
1673028125349,VOLUMEN CVZA
1673035522602,VOLUMEN NABS
1673296637158,VOLUMEN CVZA
1673287121927,VOLUMEN NABS
1673472184947,VOLUMEN NABS
1674245088216,AD HOC
1674650682383,CANCELADO
1674653662297,CANCELADO
1674651040488,AD HOC
1674670444702,AD HOC
1674757822370,CANCELADO
1674756396827,CANCELADO
1674671807518,AD HOC
1674671549928,AD HOC
1674672228114,AD HOC
1674672937015,AD HOC
1674672678239,CANCELADO
1674679112089,FRESQUITA
1674752437058,FRESQUITA
1674739117279,INNOVACIONES
1674738634033,CANCELADO
1674679289490,FRESQUITA
1674750359618,CANCELADO
1674736664406,INNOVACIONES
1674746545324,CANCELADO
1674753279078,CANCELADO
1674752996201,CANCELADO
1674753047860,INNOVACIONES
1674754555108,INNOVACIONES
1674670781971,AD HOC
1674673559506,CANCELADO
1674662083354,MKT PLACE VTAS
1674656114756,AD HOC
1674655286518,INNOVACIONES
1674655525215,INNOVACIONES
1674654058976,AD HOC
1674653184906,AD HOC
1674654911742,CANCELADO
1674656503356,FRESQUITA
1674654117138,AD HOC
1674658935379,FRESQUITA
1674652060725,AD HOC
1674652487542,AD HOC
1674654225185,AD HOC
1674654861515,INNOVACIONES
1674654639147,AD HOC
1674659270898,FRESQUITA
1674654449770,AD HOC
1674675170774,CANCELADO
1674672230371,CANCELADO
1674670589180,AD HOC
1674667274411,CANCELADO
1674668837141,AD HOC
1674669526849,AD HOC
1674738245216,AD HOC
1674737334883,AD HOC
1674650414663,AD HOC
1674677636600,FRESQUITA
1674735164476,CANCELADO
1674751707606,CANCELADO
1674737645776,AD HOC
1674756017472,AD HOC
1674759220532,CANCELADO
1674754234621,AD HOC
1675186799331,VOLUMEN NABS
1675186403242,VOLUMEN NABS
1675185867471,VOLUMEN CVZA
1675184578733,VOLUMEN CVZA
1675186121229,VOLUMEN CVZA
1675182959796,VOLUMEN CVZA
1675186778581,VOLUMEN NABS
1675182001049,VOLUMEN CVZA
1675182461545,VOLUMEN CVZA
1675188305953,VOLUMEN CVZA
1675189853974,VOLUMEN CVZA
1675184139592,VOLUMEN CVZA
1675192036549,CANCELADO
1675185242887,VOLUMEN CVZA
1675185317499,CANCELADO
1675188718904,CANCELADO
1675191735902,VOLUMEN CVZA
1675184822384,VOLUMEN NABS
1675189333324,VOLUMEN CVZA
1675191076368,VOLUMEN CVZA
1675191398674,VOLUMEN CVZA
1675187187977,VOLUMEN NABS
1675186556948,VOLUMEN NABS
1674676884832,MKT PLACE PARTNERS
1674675083981,MKT PLACE PARTNERS
1674672980345,MKT PLACE PARTNERS
1674591406004,AD HOC
1675084356379,MKT PLACE VTAS
1674651838242,AD HOC
1674651559006,AD HOC
1674651236642,AD HOC
1674588649070,AD HOC
1674590762213,AD HOC
1674832214825,AD HOC
1674753303309,MKT PLACE VTAS
1674670469503,AD HOC
1674749515356,MKT PLACE VTAS
1674746936978,MKT PLACE VTAS
1674750933937,MKT PLACE VTAS
1674744374351,MKT PLACE VTAS
1674742606946,MKT PLACE VTAS
1674749889475,MKT PLACE VTAS
1674751721970,MKT PLACE VTAS
1674742443556,MKT PLACE VTAS
1674743428789,MKT PLACE VTAS
1674745714632,MKT PLACE VTAS
1674752085506,MKT PLACE VTAS
1674743127794,MKT PLACE VTAS
1674737723402,INNOVACIONES
1674741978656,MKT PLACE VTAS
1674752593355,MKT PLACE VTAS
1674669961981,AD HOC
1674666893077,MKT PLACE VTAS
1674669166709,AD HOC
1674674502868,AD HOC
1674667607017,MKT PLACE VTAS
1674653912981,AD HOC
1674666537380,MKT PLACE VTAS
1674666723655,MKT PLACE VTAS
1674652256032,AD HOC
1674655944075,INNOVACIONES
1674652457117,AD HOC
1674649682986,AD HOC
1674667454012,MKT PLACE VTAS
1674667805825,MKT PLACE VTAS
1674672480653,MKT PLACE VTAS
1674671417505,MKT PLACE VTAS
1674736007508,AD HOC
1674734685557,AD HOC
1674652029553,AD HOC
1674737939043,AD HOC
1674734124489,AD HOC
1674589255583,AD HOC
1674589809494,AD HOC
1674592823074,AD HOC
1674834104258,AD HOC
1675195018048,CANCELADO
1675197811684,AD HOC
1675195445067,VOLUMEN NABS
1675262274001,INNOVACIONES
1675284066247,VOLUMEN CVZA
1675284316711,VOLUMEN CVZA
1675283845308,VOLUMEN CVZA
1675283460209,AD HOC
1675281325864,VOLUMEN CVZA
1675286436409,VOLUMEN NABS
1675285964380,VOLUMEN NABS
1675286139898,VOLUMEN NABS
1675285531539,VOLUMEN NABS
1675354658077,MKT PLACE VTAS
1675452051120,VOLUMEN NABS
1675689650442,VOLUMEN NABS
9b454192-c90c-4413-a73b-382ef47ee700,EJECUCION
1677696897263,MKT PLACE VTAS
1677695228174,INNOVACION GP
1677700512275,MKT PLACE VTAS
1677694846317,INNOVACION GP
1677694649032,INNOVACION GP
1677701492041,MKT PLACE VTAS
1677696179076,MKT PLACE VTAS
1677695649155,INNOVACION GP
1677696016173,MKT PLACE VTAS
1677617795298,AD HOC
1677612322948,VOLUMEN NABS
1677611113927,AD HOC
1677606630705,VOLUMEN NABS
1677610532873,VOLUMEN NABS
1677611884959,AD HOC
1677605051710,CANCELADO
1677611351527,VOLUMEN NABS
1677605806991,VOLUMEN NABS
1677604583290,VOLUMEN NABS
1677609652629,INNOVACION GP
1677610029544,VOLUMEN NABS
1677605992630,VOLUMEN NABS
1677605436464,VOLUMEN NABS
1677604977549,VOLUMEN NABS
1677605970559,VOLUMEN NABS
1677609742425,VOLUMEN NABS
1677606781378,VOLUMEN NABS
1677244009105,CANCELADO
1677243359193,CANCELADO
1677184956129,CANCELADO
1677601470737,VOLUMEN CVZA
1677602532373,VOLUMEN CVZA
1677600932320,VOLUMEN CVZA
1677603109019,VOLUMEN CVZA
1677604050852,VOLUMEN CVZA
1677601299318,VOLUMEN CVZA
1677593996778,AD HOC
1677601706548,VOLUMEN CVZA
1677603426974,VOLUMEN CVZA
1677603635251,VOLUMEN CVZA
1677591739890,AD HOC
1677603810921,VOLUMEN CVZA
1677603441955,VOLUMEN CVZA
1677600381607,CANCELADO
1677602166987,VOLUMEN CVZA
1677603177126,VOLUMEN CVZA
1677524879068,AD HOC
1677525589488,AD HOC
1677523922067,AD HOC
1677686063903,MKT PLACE VTAS
1677684720871,MKT PLACE PARTNERS
1677678829049,MKT PLACE PARTNERS
1677676976629,INNOVACION REGION
1677690175413,MKT PLACE VTAS
1677687185877,MKT PLACE VTAS
1677611044403,VOLUMEN NABS
1677523252441,CANCELADO
1677528155109,CANCELADO
1677523453905,MKT PLACE VTAS
1677526227062,AD HOC
1677524286656,CANCELADO
1677523651180,AD HOC
1677525411105,AD HOC
1677524424006,AD HOC
1677530091295,MKT PLACE VTAS
1677522941838,AD HOC
1677522332939,AD HOC
1677526081705,AD HOC
1677526427195,CANCELADO
1677525848088,AD HOC
1677244197475,INNOVACION REGION
1677243940115,INNOVACION REGION
1677265852826,INNOVACION REGION
1677242394759,MKT PLACE VTAS
1677183341203,CANCELADO
1677271024926,AD HOC
1677267773050,AD HOC
1677249579796,MKT PLACE PARTNERS
1677241720092,AD HOC
1677241437711,INNOVACION REGION
1677183374959,CANCELADO
1677184127326,CANCELADO
1677183578049,CANCELADO
1677504185383,AD HOC
1677506544973,AD HOC
1677503523819,AD HOC
1677505647312,AD HOC
1677529841423,INNOVACION REGION
1677598355227,INNOVACION REGION
1677586301838,INNOVACION REGION
1677587834036,INNOVACION REGION
1677587577959,INNOVACION REGION
1677587440441,INNOVACION REGION
1677267330670,CANCELADO
1677532436248,INNOVACION REGION
1677532176922,INNOVACION REGION
1677525144742,AD HOC
1677532038153,INNOVACION REGION
1677531894542,INNOVACION REGION
1677507294152,AD HOC
1677506920426,AD HOC
1677511262881,AD HOC
1677504829049,CANCELADO
1677500570284,INNOVACION GP
1677511544823,CANCELADO
1677503274502,AD HOC
1677503036514,AD HOC
1677500724815,INNOVACION GP
1677505890211,AD HOC
1677507506924,AD HOC
1677506161933,AD HOC
1677502763837,AD HOC
1677504399389,AD HOC
1677269390062,INNOVACION GP
1677243000885,MKT PLACE VTAS
1677243788569,MKT PLACE VTAS
1677244794352,MKT PLACE VTAS
1677241028124,AD HOC
1677241471728,AD HOC
1677247946117,MKT PLACE PARTNERS
1677248502799,MKT PLACE PARTNERS
1677244299506,MKT PLACE VTAS
1677244639467,INNOVACION REGION
1677241667733,INNOVACION REGION
1677243095747,INNOVACION REGION
1677243597168,CANCELADO
1677245176309,MKT PLACE VTAS
1677244468541,MKT PLACE VTAS
1677244765456,INNOVACION REGION
1677248755355,MKT PLACE PARTNERS
1677243579628,MKT PLACE VTAS
1677240509574,INNOVACION REGION
1677265333442,MKT PLACE VTAS
1677183816339,AD HOC
1677183593889,AD HOC
1677185132613,AD HOC
1677182963714,AD HOC
1677184037907,AD HOC
1677503771347,INNOVACION GP
1677505961124,INNOVACION GP
1677504754016,INNOVACION GP
1677505254321,INNOVACION GP
1677502402851,AD HOC
1677501987269,INNOVACION GP
1677505236508,AD HOC
1677511109920,AD HOC
1677502574299,AD HOC
1677506757938,INNOVACION GP
1677241269994,AD HOC
1677184778438,AD HOC
1677504561998,AD HOC
1677241901080,CANCELADO
1677265377902,INNOVACION GP
1677184706498,INNOVACION GP
1677184288207,AD HOC
1677183907910,INNOVACION REGION
1677184377578,INNOVACION GP
1677182939539,INNOVACION GP
1677684777810,MKT PLACE VTAS
1677685594617,MKT PLACE VTAS
1677687432520,MKT PLACE VTAS
1677679762529,MKT PLACE VTAS
1677679416771,MKT PLACE VTAS
1677681791515,MKT PLACE VTAS
1677687635438,MKT PLACE VTAS
1677677524765,INNOVACION REGION
1677686613805,MKT PLACE VTAS
1677689747891,MKT PLACE VTAS
1677690404598,MKT PLACE VTAS
1677673687685,VOLUMEN CVZA
1677683755161,MKT PLACE VTAS
1677685931335,MKT PLACE VTAS
1677688711216,MKT PLACE VTAS
1677675879827,INNOVACION GP
1677689086213,MKT PLACE VTAS
1677687933701,MKT PLACE VTAS
1677679134836,MKT PLACE VTAS
1677684967048,MKT PLACE VTAS
1677688135379,MKT PLACE VTAS
1677683161020,MKT PLACE PARTNERS
1677684385896,MKT PLACE VTAS
1677679779123,MKT PLACE PARTNERS
1677688305388,MKT PLACE VTAS
1677682185678,MKT PLACE VTAS
1677853752460,VOLUMEN CVZA
1677854862360,VOLUMEN CVZA
1677855219864,VOLUMEN NABS
1677855778778,VOLUMEN NABS
1677855547557,VOLUMEN NABS
1677856355989,VOLUMEN NABS
1677856613351,VOLUMEN NABS
1677759394479,AD HOC
1677759075571,AD HOC
1677757594232,CANCELADO
1677758350359,AD HOC
1677874960579,MKT PLACE PARTNERS
1677873846539,PILOTO
1677874730651,MKT PLACE PARTNERS
1677875874759,MKT PLACE PARTNERS
1677873476660,PILOTO
1677779270495,VOLUMEN CVZA
52047a5f-e166-4398-9d96-292bd2bbf644,EJECUCION
c3b6492f-18d6-46fe-9a6d-436f8c401a23,EJECUCION
06412888-8daf-4631-81e7-8daf90830138,EJECUCION
3eb0d8ea-e632-4ff8-94b8-8dc70c6a73b7,EJECUCION
05ffb3ba-723a-45cb-9da8-f5540401e62b,EJECUCION
1680296638743,MKT PLACE VTAS
1680296235353,MKT PLACE VTAS
1680295912557,MKT PLACE VTAS
12e96781-3613-498b-b68a-b1f81e29e1b2,EJECUCION
1680296921513,MKT PLACE VTAS
1680296571894,MKT PLACE VTAS
1680294858567,VOL CVZA
1680296466427,MKT PLACE VTAS
4c612c98-2128-4aef-bd3e-bcf31cb7368e,EJECUCION
1680297177805,MKT PLACE VTAS
1680296763060,MKT PLACE VTAS
1680296047513,MKT PLACE VTAS
74e43295-458c-4726-8fde-0fa039c30f7e,EJECUCION
1680297302938,MKT PLACE VTAS
7fee5b43-bef2-4cf9-ab54-35f0f2483ecc,EJECUCION
1679602312685,INNOVACION
1679920956862,CANCELADO
1679929671673,CANCELADO
1679584286363,CANCELADO
1679944145944,MKT PLACE PART
1679943328916,MKT PLACE PART
1679946367220,MKT PLACE VTAS
1679937369175,MKT PLACE VTAS
1679943788032,MKT PLACE PART
1679928211697,MKT PLACE VTAS
1679925749303,MKT PLACE VTAS
1679933796732,MKT PLACE VTAS
1679936249973,MKT PLACE VTAS
1679929028657,MKT PLACE VTAS
1679928436838,MKT PLACE VTAS
1679929182946,MKT PLACE VTAS
1679927632641,MKT PLACE VTAS
1679926861151,MKT PLACE VTAS
1679932939767,MKT PLACE VTAS
1679927337619,MKT PLACE VTAS
1679924471786,MKT PLACE VTAS
1679922665066,MKT PLACE PART
1679920606023,MKT PLACE PART
1679938642481,MKT PLACE VTAS
1679923132964,MKT PLACE PART
1679921498887,MKT PLACE PART
1679934815820,MKT PLACE VTAS
1679926367342,MKT PLACE VTAS
1679922052160,MKT PLACE PART
1679925082451,MKT PLACE VTAS
1679933305928,MKT PLACE VTAS
1679926029810,MKT PLACE VTAS
1679924277302,MKT PLACE VTAS
1679924891349,MKT PLACE VTAS
1679932626606,MKT PLACE VTAS
1679935336651,MKT PLACE VTAS
1679934001993,MKT PLACE VTAS
1679921219948,MKT PLACE PART
1679934336960,MKT PLACE VTAS
1679941785770,AD HOC
1679601202690,AD HOC
1679602555866,AD HOC
1679600652624,AD HOC
1679577741048,AD HOC
1679578058020,AD HOC
1679584506808,MKT PLACE VTAS
1679583037340,MKT PLACE VTAS
1679581158310,MKT PLACE VTAS
1679583858201,MKT PLACE VTAS
1679582531460,MKT PLACE VTAS
1679583589522,MKT PLACE VTAS
1679585552089,AD HOC
1679586451307,MKT PLACE PART
1679585334219,AD HOC
1679582374705,MKT PLACE VTAS
1679579102849,AD HOC
1679585893714,AD HOC
1679581772551,AD HOC
1679581260041,AD HOC
1679585172809,AD HOC
1679581003556,MKT PLACE VTAS
1679585685452,AD HOC
1679578300495,AD HOC
1679579992441,AD HOC
1679580979029,AD HOC
1679577302684,AD HOC
1679600496775,AD HOC
1679600319521,AD HOC
1679602262802,AD HOC
1679924166567,AD HOC
1679920675108,AD HOC
1679927580695,AD HOC
1679934264673,AD HOC
1679927029734,AD HOC
1679927251827,AD HOC
1679920389749,AD HOC
1679923772516,AD HOC
1679925846343,AD HOC
1679925633958,AD HOC
1679924361879,AD HOC
1679926007466,AD HOC
1679923957179,AD HOC
1679922120187,AD HOC
1679588078051,MKT PLACE PART
1679587303899,MKT PLACE PART
1679587702363,MKT PLACE PART
1679925087830,AD HOC
1679924778447,AD HOC
1679934810791,AD HOC
1679921294511,AD HOC
1679922602999,AD HOC
1679923222413,AD HOC
1679925216080,AD HOC
1679919574587,AD HOC
1679921457790,AD HOC
1679934106028,AD HOC
1679926856853,AD HOC
1679921837792,AD HOC
1679924594547,AD HOC
1679923503382,AD HOC
1679584102825,MKT PLACE VTAS
1679587073057,MKT PLACE PART
1679581557612,MKT PLACE VTAS
1679583237769,MKT PLACE VTAS
1679603971037,AD HOC
1679600122217,AD HOC
1680181416798,VOL NABS
1680183181663,VOL NABS
1680184681279,AD HOC
1680180355133,VOL NABS
1680181671504,VOL NABS
1680182140372,VOL NABS
1680182595515,VOL NABS
1680182407666,VOL NABS
1679576404632,AD HOC
1679586821044,MKT PLACE PART
1680278059213,VOL CVZA
1680280607689,VOL CVZA
1680275508598,VOL CVZA
1680275889994,VOL CVZA
1680277315281,VOL CVZA
1680278868362,VOL CVZA
1680279036338,VOL CVZA
1680280262663,VOL CVZA
1680281347760,VOL CVZA
1679600644464,INNOVACION
1679601153120,INNOVACION
1679578123113,INNOVACION
1679576415154,INNOVACION
1679579222750,INNOVACION
1679576767758,INNOVACION
1679577533665,INNOVACION
1679578630865,INNOVACION
1679577184758,INNOVACION
1679579428962,INNOVACION
1679599914704,INNOVACION
1679602027135,INNOVACION
1679603257283,INNOVACION
1679602153748,INNOVACION
1679917862482,INNOVACION
1679918856397,INNOVACION
1679918334242,INNOVACION
1679602870750,INNOVACION
1679600783685,INNOVACION
1679603836900,INNOVACION
1680179488822,VOL NABS
1680182221148,VOL NABS
1680277677447,VOL CVZA
1680276854210,VOL CVZA
1680276587164,VOL CVZA
1680276188501,VOL CVZA
1680281094603,VOL CVZA
1680278503002,VOL CVZA
1680278706315,VOL CVZA
1680297042118,MKT PLACE VTAS
1680297186513,MKT PLACE VTAS
1680296329744,MKT PLACE VTAS
1682428039691,EDUCACION
1682367577180,AD HOC
1682367907976,INNOVACION
1682362547568,AD HOC
1682368456477,AD HOC
1682362502630,AD HOC
1682368015465,AD HOC
1682365656688,INNOVACION
1682362069932,AD HOC
1682360196913,AD HOC
1682366620092,AD HOC
1682361766727,AD HOC
1682368202855,AD HOC
1682366273829,AD HOC
1682363861960,AD HOC
1682366965848,AD HOC
1682364183739,AD HOC
1682364239805,AD HOC
1682361228553,AD HOC
1682365064094,AD HOC
1682362156740,AD HOC
1682365883045,INNOVACION
1682360566375,AD HOC
1682365349849,INNOVACION
1682361333404,AD HOC
1682363470338,AD HOC
1682367404310,INNOVACION
1682366988989,INNOVACION
1682362743433,AD HOC
1682361748799,AD HOC
1682360366222,AD HOC
1682364596099,AD HOC
1682367736723,INNOVACION
1682364386561,AD HOC
1682369211515,AD HOC
1682366359316,INNOVACION
1682367171052,INNOVACION
1682364634769,AD HOC
1682365316697,AD HOC
1682367788012,INNOVACION
1682361572184,AD HOC
1682364993611,INNOVACION
1682361520627,AD HOC
1682363854263,AD HOC
1682362890344,AD HOC
1682361027147,AD HOC
1682366720881,INNOVACION
1682365110418,INNOVACION
1682365983127,AD HOC
1682362972560,AD HOC
1682367513434,INNOVACION
1682363593788,AD HOC
1682431942583,NABS
1682427261689,INNOVACION
1682431956278,AD HOC
1682425007366,INNOVACION
1682428626383,INNOVACION
1682431495445,NABS
1682427870548,INNOVACION
1682427340920,AD HOC
1682431256348,AD HOC
1682432278382,AD HOC
1682432236786,NABS
1682430548787,NABS
1682433252859,AD HOC
1682426198341,INNOVACION
1682429898427,AD HOC
1682433766922,AD HOC
1682431818507,NABS
1682426802296,INNOVACION
1682430867087,NABS
1682430736559,AD HOC
1682430089454,NABS
1682429474349,INNOVACION
1682428095819,AD HOC
1682430484242,AD HOC
1682437491045,INNOVACION
1682425618818,INNOVACION
1682431220863,NABS
1682425994079,AD HOC
1682426318339,AD HOC
1682428163015,INNOVACION
1682437124276,INNOVACION
1682439318037,EDUCACION
1682432421296,NABS
1682509490071,MKT PLACE VTAS
1682509825284,MKT PLACE VTAS
1682510137222,MKT PLACE VTAS
1682510336499,MKT PLACE VTAS
1682532576101,MKT PLACE PART
1682538007886,MKT PLACE PART
1682533822129,MKT PLACE PART
1682533454271,MKT PLACE PART
1682532922828,MKT PLACE PART
1682537490892,MKT PLACE PART
1682539662266,MKT PLACE PART
1682538668011,MKT PLACE PART
1682534996743,MKT PLACE PART
1682533194647,MKT PLACE PART
1682539353650,MKT PLACE PART
1682535720391,MKT PLACE PART
1682536831770,MKT PLACE PART
1682532347193,MKT PLACE PART
1682534529150,MKT PLACE PART
1682536538343,MKT PLACE PART
1682711401238,MKT PLACE VTAS
1682716368694,MKT PLACE VTAS
1682713371426,MKT PLACE VTAS
1682709917363,MKT PLACE VTAS
1682710637505,MKT PLACE VTAS
1682714395071,MKT PLACE VTAS
1682715293984,MKT PLACE VTAS
1682715638912,MKT PLACE VTAS
1682710256182,AD HOC
1682713648342,MKT PLACE VTAS
1682715009671,MKT PLACE VTAS
1682711616581,MKT PLACE VTAS
1682716033819,MKT PLACE VTAS
1682713868122,MKT PLACE VTAS
1682712857819,MKT PLACE VTAS
1682714141198,MKT PLACE VTAS
1682708796565,AD HOC
1682709713310,AD HOC
1682712374953,MKT PLACE VTAS
1682622934366,VOL CVZA
1682613197192,VOL CVZA
1682608516208,VOL CVZA
1682608281561,VOL CVZA
1682608786987,VOL CVZA
f8f6b911-c073-406f-865e-8a27cd149ab7,EJECUCION
6f4fdde4-f7fe-4cc7-9e86-098bd508ab5b,EJECUCION
1682692736994,AD HOC
45b87c60-c147-4592-9c79-5de4ee13d347,EJECUCION
5559bde5-7bab-41c9-a73e-3a6595d38fad,EJECUCION
fad9b5d2-0e4b-475c-9989-b537d408d845,EJECUCION
1682695071515,AD HOC
751fb257-3fd5-440e-a528-9a44fb49d101,EJECUCION
1682622117833,VOL CVZA
1682620032100,MKT PLACE VTAS
1682622774460,VOL CVZA
1682626182292,VOL CVZA
1682717807519,MKT PLACE VTAS
1682711829314,MKT PLACE VTAS
e054639f-ce94-49ba-9a0a-43d39ed15695,EJECUCION
1682709299013,CANCELADO
1682712188584,INNOVACION
1682714601654,MKT PLACE VTAS
1682712083303,MKT PLACE VTAS
1682993530638,NABS
1682992962179,NABS
1682612504866,VOL CVZA
1682606427164,CANCELADO
1682597952118,AD HOC
1682625864632,VOL CVZA
1682622612044,VOL CVZA
1682624924455,VOL CVZA
1683028763750,MKT PLACE VTAS
1683030225059,MKT PLACE VTAS
1683029254172,MKT PLACE VTAS
1683029689371,MKT PLACE VTAS
8169b731-6661-4632-97b8-fa670e58a87a,EJECUCION
1683030666724,MKT PLACE VTAS
10c558b1-83cb-4102-9c74-cb98ba3149f9,EJECUCION
1683028012881,MKT PLACE VTAS
1683028478668,MKT PLACE VTAS
1683031129442,MKT PLACE VTAS
2f4ae40b-4475-4506-a6f2-e8c0155942fc,EJECUCION
1683139716554,AD HOC
c34ee541-d217-46ff-aec1-344a9c4f9c,EJECUCION
af2796b2-fff9-44d2-bc5c-157b4e266737,EJECUCION
75eeb113-d810-4b6f-a495-91d41bb4e0fa,EJECUCION
6cfa8cd7-08b4-4c40-9751-4011f4d66129,EJECUCION
1b25c700-7a4b-4d9a-92f3-bd95afdef644,EJECUCION
1683221925377,AD HOC
1683222098547,AD HOC
